time,seconds_elapsed,z,y,x
1746620293893085700,0.082085693359375,9.914660453796387,1.2813565731048584,-0.054436713457107544
1746620293909887700,0.0988876953125,9.885947227478027,1.2813565731048584,-0.08793623000383377
1746620293926702800,0.115702880859375,9.824331283569336,1.2472587823867798,-0.10707881301641464
1746620293943508000,0.132508056640625,9.838089942932129,1.2287144660949707,-0.2267199456691742
1746620293960316700,0.149316650390625,9.860821723937988,1.2586246728897095,-0.35533416271209717
1746620293977124600,0.16612451171875,9.893723487854004,1.301695466041565,-0.3840480446815491
1746620293993928200,0.18292822265625,9.799206733703613,1.2484551668167114,-0.32183465361595154
1746620294010759400,0.199759521484375,9.670592308044434,1.252044439315796,-0.2787638306617737
1746620294027563500,0.2165634765625,9.617352485656738,1.252044439315796,-0.3403790295124054
1746620294044355800,0.23335595703125,9.594620704650879,1.165902853012085,-0.3601198196411133
1746620294061180700,0.2501806640625,9.498908042907715,1.1180464029312134,-0.40319061279296875
1746620294077988400,0.26698828125,9.364909172058105,1.1222338676452637,-0.48873403668403625
1746620294094797600,0.283797607421875,9.283554077148438,1.1174482107162476,-0.5216353535652161
1746620294111606000,0.30060595703125,9.498309135437012,1.113858938217163,-0.527019202709198
1746620294128413700,0.31741357421875,9.661619186401367,1.028315544128418,-0.48035913705825806
1746620294145227300,0.334227294921875,9.739386558532715,0.9613165259361267,-0.42831525206565857
1746620294162031000,0.351031005859375,9.758528709411621,0.9804590940475464,-0.3613162338733673
1746620294178848300,0.36784814453125,9.840482711791992,0.9517452120780945,-0.2805584669113159
1746620294195630800,0.384630859375,9.854840278625488,0.908674418926239,-0.26141586899757385
1746620294212456200,0.401456298828125,9.963713645935059,0.9343972206115723,-0.44805604219436646
1746620294229260000,0.418260009765625,10.034899711608887,1.0061819553375244,-0.3858426511287689
1746620294246076400,0.435076416015625,9.945169448852539,1.0809576511383057,-0.12263216078281403
1746620294262877700,0.451877685546875,10.050453186035156,1.1234302520751953,0.0729810893535614
1746620294279692800,0.46869287109375,9.902098655700684,1.179661512374878,0.08793623000383377
1746620294296520700,0.485520751953125,9.622735977172852,1.31365966796875,-0.14895321428775787
1746620294313302000,0.502302001953125,9.319445610046387,1.4368900060653687,-0.3535395562648773
1746620294330114300,0.5191142578125,9.047262191772461,1.3932210206985474,-0.4576273262500763
1746620294346927400,0.53592724609375,9.151947975158691,1.4039887189865112,-0.5964110493659973
1746620294363711500,0.55271142578125,9.4660062789917,1.397408366203308,-0.8123632669448853
1746620294380528000,0.569528076171875,9.65503978729248,1.1724830865859985,-0.6801598072052002
1746620294397330400,0.586330322265625,9.890732765197754,1.1252248287200928,-0.42771705985069275
1746620294414129700,0.603129638671875,9.977472305297852,1.1581261157989502,-0.21296121180057526
1746620294430951400,0.619951416015625,9.843474388122559,1.2185449600219727,-0.064606212079525
1746620294447759600,0.636759521484375,9.705288887023926,1.246660590171814,-0.049651071429252625
1746620294464564700,0.653564697265625,9.714859962463379,1.2131611108779907,-0.09272187948226929
1746620294481379300,0.67037939453125,9.820143699645996,1.1186445951461792,-0.1459621787071228
1746620294498181000,0.68718115234375,9.845269203186035,0.989432156085968,-0.18484555184841156
1746620294515014000,0.704013916015625,9.79262638092041,1.022931694984436,-0.17946170270442963
1746620294531813400,0.7208134765625,9.753743171691895,1.0941181182861328,-0.12681959569454193
1746620294548625000,0.737625,9.758528709411621,1.1084750890731812,-0.12681959569454193
1746620294565432600,0.7544326171875,9.720243453979492,1.0564311742782593,-0.24167509377002716
1746620294582241000,0.771240966796875,9.7669038772583,1.052243709564209,-0.39900317788124084
1746620294599033900,0.788033935546875,9.863214492797852,0.9954141974449158,-0.34217363595962524
1746620294615840300,0.80484033203125,9.9409818649292,0.8997012972831726,-0.26201409101486206
1746620294632664800,0.821664794921875,9.979865074157715,0.8757730722427368,-0.20937198400497437
1746620294649474300,0.838474365234375,10.003194808959961,0.9044869542121887,-0.23808585107326508
1746620294666278700,0.855278564453125,10.017552375793457,0.9284151792526245,-0.23808585107326508
1746620294683090000,0.87208984375,10.031908988952637,0.914058268070221,-0.19980068504810333
1746620294699870000,0.888869873046875,10.031908988952637,0.8715856671333313,-0.25722843408584595
1746620294716715500,0.905715576171875,9.988240242004395,0.8626125454902649,-0.4055834412574768
1746620294733493800,0.92249365234375,9.821938514709473,0.8470591902732849,-0.36670008301734924
1746620294750321400,0.9393212890625,9.701699256896973,0.9367900490760803,-0.275174617767334
1746620294767127000,0.956126953125,9.696913719177246,0.9601200819015503,-0.23210379481315613
1746620294783915000,0.9729150390625,9.717252731323242,0.8602197170257568,-0.2231307178735733
1746620294800737500,0.989737548828125,9.698110580444336,0.836291491985321,-0.2997010350227356
1746620294817538800,1.006538818359375,9.725028991699219,0.9134600162506104,-0.42831525206565857
1746620294834339800,1.02333984375,9.659226417541504,0.8889335989952087,-0.33738797903060913
1746620294851161000,1.0401611328125,9.625727653503418,0.9505487680435181,-0.2560320198535919
1746620294867958800,1.056958740234375,9.57787036895752,0.9780662655830383,-0.13160525262355804
1746620294884777500,1.073777587890625,9.554540634155273,1.0013962984085083,-0.040677983313798904
1746620294901586000,1.0905859375,9.659226417541504,1.0307083129882812,-0.02632104977965355
1746620294918381000,1.107381103515625,9.799206733703613,0.9308080077171326,0.05383851006627083
1746620294935202600,1.12420263671875,9.837491989135742,0.9355936646461487,0.11605189740657806
1746620294952011300,1.14101123046875,9.80817985534668,0.9882357716560364,0.0729810893535614
1746620294968819200,1.157819091796875,9.803394317626953,0.9834501147270203,0.03529413416981697
1746620294985627600,1.174627685546875,9.879964828491211,0.9984052777290344,0.04426721855998039
1746620295002439400,1.191439453125,10.009177207946777,1.012762188911438,0.13938191533088684
1746620295019242000,1.208241943359375,10.04267692565918,1.0462616682052612,0.24466611444950104
1746620295036050000,1.2250498046875,9.923035621643066,1.088136076927185,0.259621262550354
1746620295052875300,1.241875244140625,9.741181373596191,1.0827522277832031,0.18364913761615753
1746620295069666800,1.258666748046875,9.573683738708496,1.0492527484893799,0.07896314561367035
1746620295086492200,1.2754921875,9.54915714263916,1.1108678579330444,0.07956135272979736
1746620295103300000,1.292300048828125,9.81655502319336,1.1216355562210083,0.10229317098855972
1746620295120107800,1.309107666015625,10.067203521728516,0.9696913957595825,0.2727817893028259
1746620295136900900,1.32590087890625,10.12463092803955,0.9218349456787109,0.22971096634864807
1746620295153725200,1.34272509765625,10.062417030334473,0.898504912853241,0.129810631275177
1746620295170531000,1.359531005859375,10.025328636169434,0.8261220455169678,0.15314064919948578
1746620295187342300,1.37634228515625,9.94397258758545,0.8069794178009033,0.14835500717163086
1746620295204132900,1.3931328125,9.814162254333496,0.8877372145652771,0.10648060590028763
1746620295220958500,1.40995849609375,9.65683364868164,0.9104689955711365,0.17347964644432068
1746620295237750300,1.426750244140625,9.628120422363281,0.9290133714675903,0.2069791555404663
1746620295254559200,1.443559326171875,9.665806770324707,0.9535398483276367,0.1740778535604477
1746620295271375600,1.460375732421875,9.675378799438477,0.9343972206115723,0.1543370634317398
1746620295288192800,1.47719287109375,9.617950439453125,0.9104689955711365,0.08793623000383377
1746620295304971800,1.4939716796875,9.550353050231934,0.9583254456520081,0.035892341285943985
1746620295321795300,1.51079541015625,9.535996437072754,0.9625129103660583,0.05503492057323456
1746620295338603800,1.527603759765625,9.608379364013672,0.9056833982467651,0.09272187948226929
1746620295355412200,1.544412109375,9.719047546386719,0.844068169593811,0.12083754688501358
1746620295372220400,1.561220458984375,9.824331283569336,0.8446664214134216,0.13938191533088684
1746620295389028900,1.57802880859375,9.967302322387695,0.8452646136283875,0.09152546525001526
1746620295405837800,1.594837890625,9.986445426940918,0.8500502705574036,0.129810631275177
1746620295422646000,1.61164599609375,9.900303840637207,0.9212366938591003,0.16331014037132263
1746620295439451000,1.628450927734375,9.751948356628418,0.9774680733680725,0.2069791555404663
1746620295456265700,1.645265625,9.622735977172852,1.0289137363433838,0.25064817070961
1746620295473070800,1.66207080078125,9.598209381103516,1.0767701864242554,0.2841476798057556
1746620295489887200,1.67888720703125,9.693922996520996,1.0773683786392212,0.2841476798057556
1746620295506705200,1.695705078125,9.770493507385254,1.0630114078521729,0.3314059376716614
1746620295523510300,1.71251025390625,9.823135375976562,1.0061819553375244,0.26440688967704773
1746620295540314000,1.729314208984375,9.91825008392334,1.0408778190612793,0.1495514214038849
1746620295557130500,1.746130615234375,9.884750366210938,1.0265209674835205,0.13519448041915894
1746620295573950200,1.7629501953125,9.779465675354004,1.077966570854187,0.19800607860088348
1746620295590739000,1.779739013671875,9.626923561096191,1.0965110063552856,0.24107688665390015
1746620295607555800,1.796555908203125,9.531210899353027,1.1048858165740967,0.26081767678260803
1746620295624345300,1.813345458984375,9.55513858795166,1.1240284442901611,0.28953152894973755
1746620295641164300,1.830164306640625,9.680164337158203,1.057627558708191,0.37028929591178894
1746620295657981200,1.846981201171875,9.78544807434082,1.0151549577713013,0.3936193287372589
1746620295674784000,1.863783935546875,9.856635093688965,1.0348957777023315,0.3026920557022095
1746620295691590000,1.88058984375,9.742377281188965,1.0007981061935425,0.32662028074264526
1746620295708403000,1.89740283203125,9.68494987487793,1.0289137363433838,0.3601198196411133
1746620295725210600,1.914210693359375,9.746564865112305,1.048654556274414,0.3074777126312256
1746620295742018800,1.931018798828125,9.770493507385254,1.0253244638442993,0.2835494875907898
1746620295758827500,1.94782763671875,9.728020668029785,1.0151549577713013,0.27397820353507996
1746620295775604000,1.96460400390625,9.751350402832031,1.054038405418396,0.25064817070961
1746620295792444700,1.981444580078125,9.765707015991211,1.048654556274414,0.32183465361595154
1746620295809253000,1.998253173828125,9.766305923461914,1.043868899345398,0.3601198196411133
1746620295826061300,2.015061279296875,9.780662536621094,1.0157532691955566,0.3074777126312256
1746620295842852000,2.03185205078125,9.866804122924805,0.96370929479599,0.23988047242164612
1746620295859664100,2.0486640625,9.967302322387695,0.9116654396057129,0.23030917346477509
1746620295876472600,2.06547265625,10.053443908691406,0.9116654396057129,0.28235307335853577
1746620295893280500,2.082280517578125,9.986445426940918,0.9445667266845703,0.33499518036842346
1746620295910086100,2.099086181640625,9.89551830291748,0.9774680733680725,0.32123643159866333
1746620295926900700,2.115900634765625,9.814162254333496,0.9822536706924438,0.259621262550354
1746620295943705900,2.132705810546875,9.737591743469238,0.9726824164390564,0.24526432156562805
1746620295960514600,2.1495146484375,9.718449592590332,0.9439685344696045,0.2069791555404663
1746620295977323000,2.166322998046875,9.723235130310059,0.9152546525001526,0.16869398951530457
1746620295994118400,2.183118408203125,9.780662536621094,0.8967102766036987,0.1543370634317398
1746620296010939600,2.199939697265625,9.905089378356934,0.8877372145652771,0.13938191533088684
1746620296027748000,2.216748046875,9.996016502380371,0.882951557636261,0.2105683982372284
1746620296044543500,2.23354345703125,10.006186485290527,0.8823533654212952,0.3397808074951172
1746620296061364700,2.25036474609375,9.949356079101562,0.8817551732063293,0.44027936458587646
1746620296078186200,2.267186279296875,9.92124080657959,0.8961120843887329,0.4737788736820221
1746620296094983000,2.28398291015625,9.920642852783203,0.9152546525001526,0.4019941985607147
1746620296111809000,2.30080908203125,9.868000984191895,0.8817551732063293,0.3445664644241333
1746620296128612400,2.3176123046875,9.791430473327637,0.8721838593482971,0.268594354391098
1746620296145387000,2.334386962890625,9.708877563476562,0.9391828775405884,0.21176479756832123
1746620296162229500,2.3512294921875,9.561120986938477,1.0001999139785767,0.26979073882102966
1746620296179037200,2.368037109375,9.44626522064209,1.0707881450653076,0.3565305769443512
1746620296195837700,2.384837646484375,9.44626522064209,1.085145115852356,0.3756731450557709
1746620296212662500,2.40166259765625,9.44626522064209,1.079761266708374,0.4139583110809326
1746620296229462800,2.418462890625,9.45045280456543,1.109073281288147,0.4043870270252228
1746620296246270700,2.435270751953125,9.57906723022461,1.1288141012191772,0.3278166949748993
1746620296263079400,2.452079345703125,9.78963565826416,1.0444670915603638,0.27397820353507996
1746620296279865300,2.468865234375,9.952945709228516,0.9302098155021667,0.2829512655735016
1746620296296697900,2.48569775390625,10.01037311553955,0.9068797826766968,0.2727817893028259
1746620296313508600,2.502508544921875,10.015159606933594,0.9020941257476807,0.2679961323738098
1746620296330282500,2.519282470703125,9.958329200744629,0.882951557636261,0.2632105052471161
1746620296347107300,2.536107421875,9.881160736083984,0.9212366938591003,0.17288143932819366
1746620296363894800,2.552894775390625,9.77527904510498,0.9541380405426025,0.12083754688501358
1746620296380724000,2.569723876953125,9.6795654296875,0.9918249845504761,0.11665010452270508
1746620296397532400,2.586532470703125,9.607781410217285,1.0247262716293335,0.14057832956314087
1746620296414327800,2.603327880859375,9.55513858795166,1.048654556274414,0.13639089465141296
1746620296431149300,2.6201494140625,9.473184585571289,1.0959128141403198,0.13698910176753998
1746620296447957800,2.636957763671875,9.468399047851562,1.1150553226470947,0.1657029688358307
1746620296464766200,2.65376611328125,9.549755096435547,1.124626636505127,0.16510476171970367
1746620296481574400,2.670574462890625,9.673583984375,1.1018948554992676,0.11246266216039658
1746620296498382800,2.6873828125,9.836296081542969,1.0456634759902954,0.0975075215101242
1746620296515204900,2.704204833984375,10.023533821105957,0.9840483069419861,0.13938191533088684
1746620296532015400,2.721015380859375,10.100702285766602,0.9367900490760803,0.14835500717163086
1746620296548821800,2.73782177734375,10.104889869689941,0.9607182741165161,0.10588239878416061
1746620296565628700,2.754628662109375,10.047462463378906,0.9559326171875,0.09152546525001526
1746620296582423000,2.771423095703125,9.975677490234375,1.012762188911438,0.12083754688501358
1746620296599233500,2.788233642578125,9.880562782287598,1.0019944906234741,0.18783657252788544
1746620296616039400,2.805039306640625,9.789037704467773,1.0402796268463135,0.14057832956314087
1746620296632849000,2.821848876953125,9.697511672973633,1.0689935684204102,0.07417750358581543
1746620296649662000,2.838661865234375,9.554540634155273,1.0773683786392212,0.13639089465141296
1746620296666466800,2.855466796875,9.473783493041992,1.0959128141403198,0.19381862878799438
1746620296683294000,2.8722939453125,9.459425926208496,1.1001001596450806,0.21774685382843018
1746620296700077000,2.8890771484375,9.55513858795166,1.0630114078521729,0.16031911969184875
1746620296716905200,2.9059052734375,9.659825325012207,1.0301101207733154,0.09272187948226929
1746620296733718300,2.92271826171875,9.750154495239258,1.0402796268463135,0.054436713457107544
1746620296750523100,2.939523193359375,9.774680137634277,1.0354939699172974,0.0975075215101242
1746620296767330800,2.956330810546875,9.77527904510498,1.0019944906234741,0.1495514214038849
1746620296784123100,2.973123046875,9.851250648498535,1.0019944906234741,0.15912270545959473
1746620296800969000,2.989968994140625,9.918848037719727,0.9595218896865845,0.14476576447486877
1746620296817739000,3.006739013671875,9.961320877075195,0.9553344249725342,0.0729810893535614
1746620296834551000,3.023551025390625,9.942177772521973,0.9511470198631287,0.029910283163189888
1746620296851359700,3.04035986328125,9.836894035339355,0.9882357716560364,0.04426721855998039
1746620296868165400,3.057165283203125,9.712467193603516,1.0307083129882812,0.04486542567610741
1746620296884979200,3.073979248046875,9.645467758178711,1.0259226560592651,0.035892341285943985
1746620296901776400,3.0907763671875,9.692726135253906,1.0354939699172974,0.0023928226437419653
1746620296918593300,3.10759326171875,9.726823806762695,1.0115658044815063,0.025722842663526535
1746620296935401700,3.124401611328125,9.79801082611084,1.0217353105545044,-0.0029910283628851175
1746620296952210200,3.141210205078125,9.811769485473633,1.0414760112762451,-0.026919255033135414
1746620296969016000,3.15801611328125,9.76989459991455,0.9643075466156006,0.006580262444913387
1746620296985829400,3.174829345703125,9.765109062194824,0.9690931439399719,-0.022133609279990196
1746620297002635000,3.191635009765625,9.799206733703613,0.9260223507881165,-0.003589233849197626
1746620297019443700,3.208443603515625,9.885348320007324,0.8506484627723694,-0.03768695518374443
1746620297036252200,3.225252197265625,9.943374633789062,0.8027920126914978,-0.047258246690034866
1746620297053060600,3.242060546875,9.967302322387695,0.7645068168640137,-0.04785645380616188
1746620297069852000,3.258851806640625,9.948758125305176,0.7214360237121582,-0.02392822690308094
1746620297086665000,3.2756650390625,9.948758125305176,0.6879364848136902,-0.0526420995593071
1746620297103488500,3.292488525390625,9.881759643554688,0.711864709854126,-0.11904292553663254
1746620297120294000,3.3092939453125,9.742975234985352,0.7543373107910156,-0.08015955984592438
1746620297137102000,3.32610205078125,9.637691497802734,0.8009973764419556,-0.037088751792907715
1746620297153894400,3.342894287109375,9.618548393249512,0.8249256014823914,-0.02273181453347206
1746620297170704600,3.35970458984375,9.617950439453125,0.8488538265228271,-0.022133609279990196
1746620297187544600,3.376544677734375,9.632308006286621,0.8344969153404236,-0.013160524889826775
1746620297204333300,3.393333251953125,9.632308006286621,0.8344969153404236,-0.06999006122350693
1746620297221141200,3.410141357421875,9.670592308044434,0.8159525394439697,-0.10408778488636017
1746620297237949200,3.42694921875,9.732806205749512,0.802193820476532,-0.08015955984592438
1746620297254761500,3.443761474609375,9.833903312683105,0.7782655358314514,-0.018544375896453857
1746620297271576000,3.460576171875,9.972088813781738,0.7698906660079956,-0.047258246690034866
1746620297288378400,3.47737841796875,10.005587577819824,0.722034215927124,-0.08614161610603333
1746620297305186600,3.4941865234375,9.942776679992676,0.755533754825592,-0.14297115802764893
1746620297321994800,3.510994873046875,9.885348320007324,0.8027920126914978,-0.10468599200248718
1746620297338800400,3.52780029296875,9.862018585205078,0.8165507316589355,-0.03290131315588951
1746620297355612000,3.54461181640625,9.861420631408691,0.8548358678817749,-0.008374879136681557
1746620297372420000,3.561420166015625,9.842875480651855,0.8452646136283875,-0.023330021649599075
1746620297389228800,3.578228759765625,9.866206169128418,0.8500502705574036,-0.0849452018737793
1746620297406037000,3.595037109375,9.870991706848145,0.8219345808029175,-0.13280165195465088
1746620297422845200,3.61184521484375,9.870991706848145,0.7836494445800781,-0.1381855010986328
1746620297439660800,3.628660888671875,9.837491989135742,0.8171489238739014,-0.12801600992679596
1746620297456462000,3.645462158203125,9.761520385742188,0.8261220455169678,-0.07058826833963394
1746620297473270500,3.6622705078125,9.670592308044434,0.8111668825149536,-0.05623133108019829
1746620297490076400,3.679076416015625,9.628120422363281,0.7818548083305359,-0.061016976833343506
1746620297506890000,3.695889892578125,9.614361763000488,0.7435696125030518,-0.061016976833343506
1746620297523696400,3.7126962890625,9.709476470947266,0.7393822073936462,-0.07537391036748886
1746620297540518000,3.729517822265625,9.77707290649414,0.6921239495277405,-0.03290131315588951
1746620297557297000,3.746296875,9.839286804199219,0.6394818425178528,-0.06699903309345245
1746620297574118400,3.763118408203125,9.934999465942383,0.6167500615119934,-0.15314064919948578
1746620297590943700,3.77994384765625,9.987641334533691,0.631106972694397,-0.09571290761232376
1746620297607760100,3.796760009765625,9.920642852783203,0.6687939167022705,-0.004785645287483931
1746620297624544000,3.8135439453125,9.7669038772583,0.735194742679596,-0.07597211748361588
1746620297641384200,3.83038427734375,9.608977317810059,0.7393822073936462,-0.10887342691421509
1746620297658179600,3.8471796875,9.641879081726074,0.7776673436164856,-0.13280165195465088
1746620297675007200,3.86400732421875,9.766305923461914,0.768694281578064,-0.10408778488636017
1746620297691790000,3.8807900390625,9.780662536621094,0.7830511927604675,-0.05144568532705307
1746620297708606000,3.89760595703125,9.804591178894043,0.8165507316589355,-0.08015955984592438
1746620297725393400,3.914393310546875,9.82373332977295,0.7639086246490479,-0.06161518394947052
1746620297742205200,3.931205078125,9.872187614440918,0.711864709854126,-0.10468599200248718
1746620297759013400,3.948013427734375,9.938589096069336,0.6933203339576721,-0.14356936514377594
1746620297775822000,3.964822021484375,9.996016502380371,0.7034898400306702,-0.17228323221206665
1746620297792627000,3.981626953125,9.957731246948242,0.7124629616737366,-0.14835500717163086
1746620297809442000,3.998442138671875,9.857233047485352,0.7357929348945618,-0.1094716340303421
1746620297826247700,4.01524755859375,9.747162818908691,0.7495517134666443,-0.15194423496723175
1746620297843052300,4.03205224609375,9.66102123260498,0.7639086246490479,-0.20937198400497437
1746620297859867000,4.048866943359375,9.608379364013672,0.768694281578064,-0.24227328598499298
1746620297876661000,4.065660888671875,9.626923561096191,0.802193820476532,-0.2231307178735733
1746620297893480700,4.082480712890625,9.770493507385254,0.8027920126914978,-0.18065811693668365
1746620297910286300,4.099286376953125,9.957731246948242,0.7507480978965759,-0.12861421704292297
1746620297927101200,4.11610107421875,10.043872833251953,0.7082754969596863,-0.14835500717163086
1746620297943894500,4.13289453125,10.000802040100098,0.6891329288482666,-0.16749759018421173
1746620297960714500,4.149714599609375,9.914660453796387,0.7028916478157043,-0.18125630915164948
1746620297977526300,4.1665263671875,9.862018585205078,0.711864709854126,-0.14775680005550385
1746620297994316800,4.18331689453125,9.852447509765625,0.7214360237121582,-0.1381855010986328
1746620298011140000,4.20014013671875,9.824331283569336,0.7166503667831421,-0.08554340898990631
1746620298027961600,4.216961669921875,9.762716293334961,0.6921239495277405,-0.08554340898990631
1746620298044774700,4.233774658203125,9.737591743469238,0.735194742679596,-0.17587246000766754
1746620298061578800,4.250578857421875,9.661619186401367,0.7489534616470337,-0.1423729509115219
1746620298078371300,4.267371337890625,9.565906524658203,0.7818548083305359,-0.07537391036748886
1746620298095196000,4.28419580078125,9.5324068069458,0.8003991842269897,-0.06999006122350693
1746620298112004600,4.301004638671875,9.507881164550781,0.8201399445533752,-0.11306086927652359
1746620298128812800,4.317812744140625,9.489336013793945,0.7770691514015198,-0.11306086927652359
1746620298145621200,4.334621337890625,9.589237213134766,0.8111668825149536,-0.18484555184841156
1746620298162433000,4.35143310546875,9.717850685119629,0.7980063557624817,-0.23270200192928314
1746620298179217200,4.368217041015625,9.870991706848145,0.7651050686836243,-0.26201409101486206
1746620298196046800,4.385046875,9.9140625,0.727418065071106,-0.2721835672855377
1746620298212851000,4.401850830078125,9.961918830871582,0.7130611538887024,-0.2626122832298279
1746620298229667300,4.418667236328125,10.062417030334473,0.6993024349212646,-0.28235307335853577
1746620298246472000,4.435471923828125,10.110872268676758,0.6329016089439392,-0.2919243574142456
1746620298263281700,4.45228173828125,10.115657806396484,0.6137589812278748,-0.32542386651039124
1746620298280066300,4.46906640625,10.119845390319824,0.656829833984375,-0.33499518036842346
1746620298296880000,4.485880126953125,10.101301193237305,0.6514459848403931,-0.2392822653055191
1746620298313691400,4.50269140625,10.039087295532227,0.6604190468788147,-0.2105683982372284
1746620298330500000,4.5195,9.981659889221191,0.6843472719192505,-0.2392822653055191
1746620298347311400,4.536311279296875,9.861420631408691,0.7076773047447205,-0.28654050827026367
1746620298364103400,4.553103515625,9.704092025756836,0.7214360237121582,-0.30987054109573364
1746620298380925000,4.569925048828125,9.550951957702637,0.7585247755050659,-0.26141586899757385
1746620298397725400,4.586725341796875,9.440881729125977,0.8057830333709717,-0.23210379481315613
1746620298414529000,4.603529052734375,9.469595909118652,0.7776673436164856,-0.2560320198535919
1746620298431350500,4.6203505859375,9.5324068069458,0.6873382925987244,-0.31405797600746155
1746620298448158500,4.637158447265625,9.656235694885254,0.664606511592865,-0.4295116662979126
1746620298464967200,4.65396728515625,9.779465675354004,0.6849454641342163,-0.5491527915000916
1746620298481775900,4.67077587890625,9.89432144165039,0.6520441770553589,-0.5395814776420593
1746620298498583800,4.687583740234375,9.976275444030762,0.5994020700454712,-0.4492524564266205
1746620298515396000,4.70439599609375,10.000204086303711,0.6376872062683105,-0.37806597352027893
1746620298532215000,4.721215087890625,9.905089378356934,0.6981059908866882,-0.22432711720466614
1746620298549022700,4.738022705078125,9.761520385742188,0.7782655358314514,-0.13280165195465088
1746620298565831400,4.75483154296875,9.760921478271484,0.8117650747299194,-0.16151553392410278
1746620298582635800,4.7716357421875,9.78544807434082,0.7692924737930298,-0.18544375896453857
1746620298599473400,4.788473388671875,9.842277526855469,0.7411768436431885,-0.22432711720466614
1746620298616263200,4.80526318359375,9.875179290771484,0.7746763229370117,-0.2715853750705719
1746620298633065200,4.822065185546875,9.91825008392334,0.8225327730178833,-0.2476571500301361
1746620298649870800,4.838870849609375,9.89970588684082,0.7890332937240601,-0.1621137410402298
1746620298666684700,4.8556845703125,9.847661972045898,0.7310073375701904,-0.11904292553663254
1746620298683490600,4.872490478515625,9.742975234985352,0.706480860710144,-0.15732808411121368
1746620298700294100,4.889294189453125,9.675976753234863,0.6969096064567566,-0.20937198400497437
1746620298717111600,4.906111572265625,9.68494987487793,0.7214360237121582,-0.25244277715682983
1746620298733912000,4.922912109375,9.723235130310059,0.7447660565376282,-0.1902294009923935
1746620298750723800,4.939723876953125,9.747162818908691,0.7782655358314514,-0.09930214285850525
1746620298767515100,4.95651513671875,9.78544807434082,0.8165507316589355,-0.04666004329919815
1746620298784314400,4.973314453125,9.814162254333496,0.802193820476532,-0.0568295381963253
1746620298801132300,4.99013232421875,9.790233612060547,0.7974081635475159,-0.061016976833343506
1746620298817946600,5.006946533203125,9.69930648803711,0.8446664214134216,-0.0849452018737793
1746620298834752500,5.02375244140625,9.598209381103516,0.906281590461731,-0.0891326442360878
1746620298851560400,5.040560546875,9.569496154785156,0.9391828775405884,-0.05503492057323456
1746620298868368400,5.057368408203125,9.594022750854492,0.8871390223503113,-0.026919255033135414
1746620298885177900,5.074177734375,9.727422714233398,0.8261220455169678,-0.10887342691421509
1746620298901983200,5.090983154296875,9.885348320007324,0.7794619798660278,-0.1908276081085205
1746620298918793700,5.107793701171875,9.995418548583984,0.7752745151519775,-0.19561325013637543
1746620298935606000,5.12460595703125,10.02413272857666,0.7657032608985901,-0.1381855010986328
1746620298952411100,5.1414111328125,9.996016502380371,0.722034215927124,-0.08135596662759781
1746620298969216300,5.15821630859375,9.886545181274414,0.7070791125297546,-0.07597211748361588
1746620298986031400,5.17503125,9.713663101196289,0.7495517134666443,-0.1950150430202484
1746620299002836200,5.191836181640625,9.546165466308594,0.7680960893630981,-0.2470589429140091
1746620299019657500,5.208657470703125,9.550951957702637,0.7441678643226624,-0.22791635990142822
1746620299036467000,5.225467041015625,9.713663101196289,0.7160521745681763,-0.19980068504810333
1746620299053280000,5.242280029296875,9.78126049041748,0.6975077986717224,-0.17168502509593964
1746620299070079200,5.259079345703125,9.814162254333496,0.7028916478157043,-0.2147558331489563
1746620299086897000,5.27589697265625,9.795019149780273,0.7172485589981079,-0.24287149310112
1746620299103693800,5.29269384765625,9.732806205749512,0.7166503667831421,-0.19980068504810333
1746620299120512500,5.309512451171875,9.690333366394043,0.7106683254241943,-0.10887342691421509
1746620299137329000,5.326328857421875,9.714859962463379,0.7106683254241943,-0.06161518394947052
1746620299154102000,5.34310205078125,9.810572624206543,0.6729813814163208,-0.08075776696205139
1746620299170935000,5.35993505859375,9.900303840637207,0.6837490797042847,-0.1860419660806656
1746620299187725800,5.376725830078125,9.857831001281738,0.6837490797042847,-0.18125630915164948
1746620299204538400,5.393538330078125,9.728618621826172,0.7112665176391602,-0.137587308883667
1746620299221353200,5.410353271484375,9.704092025756836,0.7872386574745178,-0.10887342691421509
1746620299238168300,5.427168212890625,9.757930755615234,0.7010970115661621,-0.008973085321485996
1746620299254962700,5.443962646484375,9.934401512145996,0.6741777658462524,-0.09092725813388824
1746620299271771400,5.460771484375,10.010972023010254,0.607776939868927,-0.1579262912273407
1746620299288579300,5.477579345703125,10.0343017578125,0.6514459848403931,-0.2392822653055191
1746620299305366300,5.4943662109375,9.995418548583984,0.7226324677467346,-0.25304099917411804
1746620299322196500,5.511196533203125,9.842875480651855,0.7124629616737366,-0.2147558331489563
1746620299339005000,5.5280048828125,9.713065147399902,0.8261220455169678,-0.137587308883667
1746620299355813400,5.5448134765625,9.641879081726074,0.8344969153404236,-0.06999006122350693
1746620299372621800,5.561621826171875,9.584450721740723,0.8105686902999878,-0.11306086927652359
1746620299389429800,5.5784296875,9.589237213134766,0.7968099117279053,-0.13698910176753998
1746620299406245400,5.595245361328125,9.713663101196289,0.8159525394439697,-0.10408778488636017
1746620299423050000,5.612050048828125,9.9140625,0.8171489238739014,-0.07597211748361588
1746620299439851800,5.628851806640625,10.100702285766602,0.760917603969574,-0.14356936514377594
