time,seconds_elapsed,qz,qy,qx,qw,roll,pitch,yaw
1746620293893085700,0.082085693359375,-0.4737510085105896,-0.04688164219260216,0.12650977075099945,0.8702628016471863,0.03969455137848854,-0.2678035497665405,1.0023795366287231
1746620293909887700,0.0988876953125,-0.47412925958633423,-0.047464802861213684,0.12638965249061584,0.8700426816940308,0.03864758089184761,-0.2681393027305603,1.003128170967102
1746620293926702800,0.115702880859375,-0.4746553599834442,-0.04777345061302185,0.1264001429080963,0.8697373867034912,0.038271915167570114,-0.2684338688850403,1.0043106079101562
1746620293943508000,0.132508056640625,-0.4752400517463684,-0.047578416764736176,0.12643659114837646,0.8694233894348145,0.038842812180519104,-0.268282949924469,1.0057241916656494
1746620293960316700,0.149316650390625,-0.47575804591178894,-0.04689571261405945,0.12660636007785797,0.8691523671150208,0.040400635451078415,-0.267895370721817,1.0071063041687012
1746620293977124600,0.16612451171875,-0.47626498341560364,-0.04620322212576866,0.1269187182188034,0.8688662648200989,0.04211774095892906,-0.2677484154701233,1.008509635925293
1746620293993928200,0.18292822265625,-0.4768400490283966,-0.04572344571352005,0.1275494247674942,0.8684837818145752,0.04380258172750473,-0.26836439967155457,1.0101393461227417
1746620294010759400,0.199759521484375,-0.47770950198173523,-0.04582279548048973,0.12833428382873535,0.8678849935531616,0.04470684006810188,-0.2698000967502594,1.0124146938323975
1746620294027563500,0.2165634765625,-0.4789186120033264,-0.046500954777002335,0.12894557416439056,0.8670915961265564,0.044512081891298294,-0.27147796750068665,1.0153374671936035
1746620294044355800,0.23335595703125,-0.48025619983673096,-0.04708990082144737,0.12937310338020325,0.8662558197975159,0.04433337599039078,-0.2727396786212921,1.0185215473175049
1746620294061180700,0.2501806640625,-0.4815670847892761,-0.04698243364691734,0.12976723909378052,0.8654746413230896,0.04535691812634468,-0.27325892448425293,1.0217541456222534
1746620294077988400,0.26698828125,-0.48281675577163696,-0.046364396810531616,0.13001181185245514,0.8647747039794922,0.047116052359342575,-0.2730117738246918,1.0248825550079346
1746620294094797600,0.283797607421875,-0.4840073883533478,-0.045836299657821655,0.12986260652542114,0.8641594648361206,0.04828450456261635,-0.27216172218322754,1.0277268886566162
1746620294111606000,0.30060595703125,-0.4851737320423126,-0.04566170647740364,0.129201740026474,0.8636135458946228,0.048279497772455215,-0.2707647979259491,1.030285120010376
1746620294128413700,0.31741357421875,-0.48623672127723694,-0.045614153146743774,0.12839069962501526,0.8631391525268555,0.047855474054813385,-0.2692376673221588,1.0325303077697754
1746620294145227300,0.334227294921875,-0.4871765971183777,-0.04563412070274353,0.12759815156459808,0.8627254366874695,0.04728905111551285,-0.26781824231147766,1.0344820022583008
1746620294162031000,0.351031005859375,-0.4880126714706421,-0.04573734477162361,0.12688715755939484,0.8623522520065308,0.046625539660453796,-0.26663169264793396,1.0362043380737305
1746620294178848300,0.36784814453125,-0.4888060688972473,-0.04594242572784424,0.1262325942516327,0.8619880080223083,0.04582581669092178,-0.26564928889274597,1.037829875946045
1746620294195630800,0.384630859375,-0.4896007478237152,-0.04588397219777107,0.12593038380146027,0.8615842461585999,0.045862097293138504,-0.26502037048339844,1.0396171808242798
1746620294212456200,0.401456298828125,-0.49043798446655273,-0.04591178894042969,0.1259695142507553,0.8611006736755371,0.04611761122941971,-0.26507189869880676,1.0416035652160645
1746620294229260000,0.418260009765625,-0.491131454706192,-0.04653575271368027,0.1264035701751709,0.8606082201004028,0.04569074884057045,-0.2664187550544739,1.0432862043380737
1746620294246076400,0.435076416015625,-0.49186408519744873,-0.04804898798465729,0.12732571363449097,0.8599704504013062,0.04422273859381676,-0.2695107161998749,1.0450817346572876
1746620294262877700,0.451877685546875,-0.492845356464386,-0.05007503554224968,0.1286291778087616,0.8590986132621765,0.04233880341053009,-0.2737760543823242,1.0475122928619385
1746620294279692800,0.46869287109375,-0.494009405374527,-0.051510605961084366,0.13059356808662415,0.8580482602119446,0.042273782193660736,-0.2785945236682892,1.050702691078186
1746620294296520700,0.485520751953125,-0.49541887640953064,-0.05176898092031479,0.13291510939598083,0.8568627238273621,0.04477270320057869,-0.2828303575515747,1.0548133850097656
1746620294313302000,0.502302001953125,-0.4970124661922455,-0.0509616993367672,0.13487136363983154,0.8556817173957825,0.04884495958685875,-0.28532686829566956,1.059438705444336
1746620294330114300,0.5191142578125,-0.49871590733528137,-0.049491625279188156,0.13580627739429474,0.8546283841133118,0.053031884133815765,-0.28534895181655884,1.0640876293182373
1746620294346927400,0.53592724609375,-0.5009539723396301,-0.04909472540020943,0.13440264761447906,0.8535636067390442,0.052969615906476974,-0.28236818313598633,1.0689889192581177
1746620294363711500,0.55271142578125,-0.5030181407928467,-0.04864807799458504,0.13243654370307922,0.8526821136474609,0.05230997875332832,-0.2783757448196411,1.0732864141464233
1746620294380528000,0.569528076171875,-0.5044532418251038,-0.048884037882089615,0.1298263967037201,0.8522220849990845,0.049529965966939926,-0.2740175426006317,1.0757548809051514
1746620294397330400,0.586330322265625,-0.5052400827407837,-0.049083683639764786,0.12735852599143982,0.8521168231964111,0.046752311289310455,-0.26991215348243713,1.0767490863800049
1746620294414129700,0.603129638671875,-0.5055635571479797,-0.04879337549209595,0.12545646727085114,0.8522238731384277,0.04529841989278793,-0.26630687713623047,1.0769200325012207
1746620294430951400,0.619951416015625,-0.5058315396308899,-0.04815831780433655,0.12426766008138657,0.8522751331329346,0.045204825699329376,-0.2635819613933563,1.0772570371627808
1746620294447759600,0.636759521484375,-0.5064849853515625,-0.04781900346279144,0.12333442270755768,0.8520416021347046,0.04499172419309616,-0.2615843415260315,1.0785572528839111
1746620294464564700,0.653564697265625,-0.5074759125709534,-0.04783488065004349,0.12227784097194672,0.8516033887863159,0.04412725940346718,-0.2597247362136841,1.0805721282958984
1746620294481379300,0.67037939453125,-0.5085932016372681,-0.04804268851876259,0.12108110636472702,0.851095974445343,0.042811810970306396,-0.25781840085983276,1.0828187465667725
1746620294498181000,0.68718115234375,-0.5095698237419128,-0.04794881120324135,0.12002300471067429,0.8506668210029602,0.04212658852338791,-0.2558478116989136,1.0848225355148315
1746620294515014000,0.704013916015625,-0.5102455615997314,-0.04734669253230095,0.11917412281036377,0.8504148721694946,0.042459189891815186,-0.2537253797054291,1.0862497091293335
1746620294531813400,0.7208134765625,-0.5107992887496948,-0.04648599773645401,0.11835275590419769,0.8502446413040161,0.04323196038603783,-0.2513870298862457,1.0874309539794922
1746620294548625000,0.737625,-0.511414647102356,-0.04533090814948082,0.11755281686782837,0.8500480651855469,0.044555503875017166,-0.24877502024173737,1.0888067483901978
1746620294565432600,0.7544326171875,-0.5121006369590759,-0.044029273092746735,0.11674430966377258,0.849814772605896,0.04614109918475151,-0.24599027633666992,1.0903669595718384
1746620294582241000,0.771240966796875,-0.5127723217010498,-0.0433482825756073,0.11570487916469574,0.8495869636535645,0.046388354152441025,-0.2434561848640442,1.091734528541565
1746620294599033900,0.788033935546875,-0.5133897066116333,-0.04361015558242798,0.1145315021276474,0.8493596315383911,0.04483478516340256,-0.24168077111244202,1.0928057432174683
1746620294615840300,0.80484033203125,-0.5139982104301453,-0.04429040849208832,0.1134362518787384,0.8491033315658569,0.04263727739453316,-0.2404797375202179,1.0938292741775513
1746620294632664800,0.821664794921875,-0.5145317912101746,-0.04471156746149063,0.11264597624540329,0.8488632440567017,0.04119951277971268,-0.23953723907470703,1.0948059558868408
1746620294649474300,0.838474365234375,-0.5150288939476013,-0.04492790997028351,0.1120917871594429,0.8486236333847046,0.04036319628357887,-0.2387886494398117,1.0957965850830078
1746620294666278700,0.855278564453125,-0.5154315829277039,-0.045041345059871674,0.11172963678836823,0.8484209775924683,0.03988707438111305,-0.23826706409454346,1.0966343879699707
1746620294683090000,0.87208984375,-0.5157382488250732,-0.04505348578095436,0.11153397709131241,0.8482596278190613,0.03974029794335365,-0.23792968690395355,1.097306728363037
1746620294699870000,0.888869873046875,-0.5159959197044373,-0.04488623887300491,0.11172667890787125,0.8480865359306335,0.040313880890607834,-0.23807257413864136,1.0980031490325928
1746620294716715500,0.905715576171875,-0.5161159038543701,-0.04482157528400421,0.11231905221939087,0.847938597202301,0.041107263416051865,-0.23901483416557312,1.0984790325164795
1746620294733493800,0.92249365234375,-0.5160433650016785,-0.04517897963523865,0.11317844688892365,0.8478494882583618,0.04140687361359596,-0.2408675253391266,1.098522424697876
1746620294750321400,0.9393212890625,-0.5159429311752319,-0.045989468693733215,0.11397876590490341,0.8477597832679749,0.04084913805127144,-0.24309638142585754,1.0984221696853638
1746620294767127000,0.956126953125,-0.5159447193145752,-0.04672188311815262,0.11457505822181702,0.8476382493972778,0.04023319482803345,-0.2448885589838028,1.0985139608383179
1746620294783915000,0.9729150390625,-0.5159763693809509,-0.04710860550403595,0.11503321677446365,0.8475355505943298,0.04007403925061226,-0.24607940018177032,1.0986807346343994
1746620294800737500,0.989737548828125,-0.5159879326820374,-0.04707713425159454,0.11548911780118942,0.8474682569503784,0.04063151404261589,-0.2468278557062149,1.0988554954528809
1746620294817538800,1.006538818359375,-0.515861988067627,-0.04713238775730133,0.11577858030796051,0.8475024700164795,0.04081550985574722,-0.2473885864019394,1.0986374616622925
1746620294834339800,1.02333984375,-0.5155298709869385,-0.04737277701497078,0.11602695286273956,0.8476570844650269,0.04057187959551811,-0.2480832040309906,1.097887396812439
1746620294851161000,1.0401611328125,-0.5150625705718994,-0.047696083784103394,0.11614412814378738,0.8479070067405701,0.039999768137931824,-0.24864596128463745,1.096760869026184
1746620294867958800,1.056958740234375,-0.5145198106765747,-0.04803469777107239,0.1160772293806076,0.8482264280319214,0.03917655348777771,-0.24891149997711182,1.0953935384750366
1746620294884777500,1.073777587890625,-0.5140353441238403,-0.048484526574611664,0.11574286222457886,0.848540186882019,0.037885311990976334,-0.24883030354976654,1.0940673351287842
1746620294901586000,1.0905859375,-0.5137222409248352,-0.04906947538256645,0.11504422128200531,0.848791241645813,0.036013707518577576,-0.2482553869485855,1.0930207967758179
1746620294918381000,1.107381103515625,-0.5134907960891724,-0.049535512924194336,0.11422917246818542,0.849014163017273,0.03424737975001335,-0.24735099077224731,1.0921525955200195
1746620294935202600,1.12420263671875,-0.5132352113723755,-0.04974688962101936,0.11360500007867813,0.8492400646209717,0.03312531113624573,-0.24650853872299194,1.0913225412368774
1746620294952011300,1.14101123046875,-0.5130585432052612,-0.04988979920744896,0.11307256668806076,0.8494095206260681,0.032246191054582596,-0.24574869871139526,1.0907198190689087
1746620294968819200,1.157819091796875,-0.5129548907279968,-0.05012978985905647,0.11241782456636429,0.8495449423789978,0.03108781762421131,-0.24487662315368652,1.0902431011199951
1746620294985627600,1.174627685546875,-0.5128486156463623,-0.05054573342204094,0.11151803284883499,0.8497030735015869,0.029358042404055595,-0.24376606941223145,1.0896656513214111
1746620295002439400,1.191439453125,-0.51265549659729,-0.050908371806144714,0.11060090363025665,0.8499177098274231,0.027678225189447403,-0.2425721436738968,1.0888863801956177
1746620295019242000,1.208241943359375,-0.5124140381813049,-0.05092688649892807,0.11004462838172913,0.8501344323158264,0.026974301785230637,-0.24164150655269623,1.0881457328796387
1746620295036050000,1.2250498046875,-0.5122649073600769,-0.050712890923023224,0.10987277328968048,0.8502592444419861,0.027117477729916573,-0.2411273866891861,1.087768793106079
1746620295052875300,1.241875244140625,-0.5123196840286255,-0.05051470920443535,0.10982729494571686,0.8502440452575684,0.027428703382611275,-0.24084092676639557,1.0879130363464355
1746620295069666800,1.258666748046875,-0.5125422477722168,-0.05062893033027649,0.10957615077495575,0.8501354455947876,0.027022987604141235,-0.2405203878879547,1.088356375694275
1746620295086492200,1.2754921875,-0.5128137469291687,-0.05101510137319565,0.10886583477258682,0.8500399589538574,0.025662437081336975,-0.23969165980815887,1.0887490510940552
1746620295103300000,1.292300048828125,-0.5130902528762817,-0.051361579447984695,0.107611283659935,0.850011944770813,0.023784684017300606,-0.23788529634475708,1.0890071392059326
1746620295120107800,1.309107666015625,-0.5133044123649597,-0.05145401880145073,0.10647780448198318,0.8500198125839233,0.022461766377091408,-0.23602494597434998,1.0891889333724976
1746620295136900900,1.32590087890625,-0.5136765241622925,-0.05152042582631111,0.1059291884303093,0.8498594760894775,0.0218596663326025,-0.23514039814472198,1.0899161100387573
1746620295153725200,1.34272509765625,-0.5141761302947998,-0.05213262140750885,0.10572192072868347,0.8495457768440247,0.020714040845632553,-0.23541022837162018,1.09097158908844
1746620295170531000,1.359531005859375,-0.5146639347076416,-0.053276434540748596,0.10565683245658875,0.8491874933242798,0.018796365708112717,-0.23648183047771454,1.0919692516326904
1746620295187342300,1.37634228515625,-0.515009343624115,-0.05429767444729805,0.10595519840717316,0.8488761186599731,0.017444664612412453,-0.23805537819862366,1.0927425622940063
1746620295204132900,1.3931328125,-0.5151430368423462,-0.05493573471903801,0.10652036219835281,0.8486831188201904,0.016986818984150887,-0.23969216644763947,1.0931336879730225
1746620295220958500,1.40995849609375,-0.5151388645172119,-0.055328402668237686,0.10706032812595367,0.8485923409461975,0.016888339072465897,-0.24103184044361115,1.0932213068008423
1746620295237750300,1.426750244140625,-0.515195369720459,-0.055640146136283875,0.10732841491699219,0.8485036492347717,0.016653770580887794,-0.24181807041168213,1.0933895111083984
1746620295254559200,1.443559326171875,-0.515315592288971,-0.05576561391353607,0.10743134468793869,0.8484095335006714,0.016582371667027473,-0.24212412536144257,1.09368896484375
1746620295271375600,1.460375732421875,-0.515442967414856,-0.05564480647444725,0.10762456059455872,0.8483155369758606,0.01703857071697712,-0.24232734739780426,1.0940638780593872
1746620295288192800,1.47719287109375,-0.515631914138794,-0.05551709607243538,0.10793936252593994,0.8481691479682922,0.017656676471233368,-0.2427309900522232,1.0946214199066162
1746620295304971800,1.4939716796875,-0.5158295035362244,-0.05569031834602356,0.1081862822175026,0.8480060696601868,0.017681684345006943,-0.2433329075574875,1.0951405763626099
1746620295321795300,1.51079541015625,-0.516051173210144,-0.056225329637527466,0.10811203718185425,0.8478452563285828,0.016737500205636024,-0.24376173317432404,1.095578670501709
1746620295338603800,1.527603759765625,-0.5162923336029053,-0.05682673305273056,0.10762140154838562,0.8477209210395813,0.015231863595545292,-0.24354471266269684,1.0959382057189941
1746620295355412200,1.544412109375,-0.5164587497711182,-0.057098668068647385,0.10690828412771225,0.8476913571357727,0.01403477881103754,-0.2426014095544815,1.096101999282837
1746620295372220400,1.561220458984375,-0.516496479511261,-0.056950461119413376,0.10617475211620331,0.847770631313324,0.013507270254194736,-0.24118459224700928,1.0960099697113037
1746620295389028900,1.57802880859375,-0.5163993835449219,-0.056598883122205734,0.10552345961332321,0.8479345440864563,0.013383222743868828,-0.23969796299934387,1.0956459045410156
1746620295405837800,1.594837890625,-0.5161145925521851,-0.05635390430688858,0.10517208278179169,0.848167896270752,0.013345787301659584,-0.23884163796901703,1.0949010848999023
1746620295422646000,1.61164599609375,-0.5157502293586731,-0.056450940668582916,0.10511846095323563,0.848389744758606,0.013014798052608967,-0.23885679244995117,1.0940022468566895
1746620295439451000,1.628450927734375,-0.5153924226760864,-0.05688924714922905,0.10523156821727753,0.8485638499259949,0.012273453176021576,-0.2395154982805252,1.0931192636489868
1746620295456265700,1.645265625,-0.5151301026344299,-0.05740170180797577,0.10537383705377579,0.848671019077301,0.011461729183793068,-0.24030011892318726,1.0924625396728516
1746620295473070800,1.66207080078125,-0.5149965882301331,-0.05783022195100784,0.10538902133703232,0.8487210273742676,0.01069524884223938,-0.2407761961221695,1.0920902490615845
1746620295489887200,1.67888720703125,-0.5150405764579773,-0.0581197626888752,0.10520545393228531,0.8486973643302917,0.010006772354245186,-0.24076256155967712,1.0921075344085693
1746620295506705200,1.695705078125,-0.515292763710022,-0.05829568952322006,0.1049318015575409,0.8485660552978516,0.009478593245148659,-0.24047277867794037,1.092613697052002
1746620295523510300,1.71251025390625,-0.515765905380249,-0.058476902544498444,0.10470062494277954,0.8482946753501892,0.0090508246794343,-0.2402595728635788,1.093659520149231
1746620295540314000,1.729314208984375,-0.5163130164146423,-0.05894043669104576,0.10460517555475235,0.8479414582252502,0.008301101624965668,-0.24057546257972717,1.0948817729949951
1746620295557130500,1.746130615234375,-0.5168230533599854,-0.05984635651111603,0.10478869825601578,0.8475446105003357,0.007075472269207239,-0.2418365627527237,1.0960317850112915
1746620295573950200,1.7629501953125,-0.5172564387321472,-0.0610404834151268,0.10519330203533173,0.8471447825431824,0.005568241234868765,-0.24378259479999542,1.097019076347351
1746620295590739000,1.779739013671875,-0.5176206231117249,-0.06239720433950424,0.10560162365436554,0.8467725515365601,0.003763920161873102,-0.24590817093849182,1.0978193283081055
1746620295607555800,1.796555908203125,-0.5179685354232788,-0.06373544037342072,0.10576171427965164,0.8464400768280029,0.001718419254757464,-0.24758963286876678,1.0985157489776611
1746620295624345300,1.813345458984375,-0.5182649493217468,-0.06475663185119629,0.10547976940870285,0.8462164402008057,-0.00027164118364453316,-0.24817948043346405,1.099013090133667
1746620295641164300,1.830164306640625,-0.5184699892997742,-0.06524108350276947,0.10487325489521027,0.8461288809776306,-0.0017096141818910837,-0.2476472407579422,1.0992785692214966
1746620295657981200,1.846981201171875,-0.5186379551887512,-0.06516505032777786,0.10418688505887985,0.8461165428161621,-0.0022725448943674564,-0.24638798832893372,1.0995115041732788
1746620295674784000,1.863783935546875,-0.5187479257583618,-0.0646737664937973,0.10368268191814423,0.8461488485336304,-0.0019346913322806358,-0.2450045347213745,1.0997097492218018
1746620295691590000,1.88058984375,-0.518707811832428,-0.06408026814460754,0.10343923419713974,0.84624844789505,-0.0011811582371592522,-0.24396122992038727,1.0996294021606445
1746620295708403000,1.89740283203125,-0.5187114477157593,-0.06384726613759995,0.10312111675739288,0.8463025689125061,-0.00112098827958107,-0.243169367313385,1.0995864868164062
1746620295725210600,1.914210693359375,-0.5188438296318054,-0.06393339484930038,0.10257408022880554,0.8462814092636108,-0.0018247406696900725,-0.2423204928636551,1.0997508764266968
1746620295742018800,1.931018798828125,-0.5189360976219177,-0.06387575715780258,0.10206907987594604,0.8462902903556824,-0.002245313720777631,-0.24139252305030823,1.0998499393463135
1746620295758827500,1.94782763671875,-0.5189415812492371,-0.06366434693336487,0.10170247405767441,0.8463469743728638,-0.002274447586387396,-0.24054020643234253,1.0997971296310425
1746620295775604000,1.96460400390625,-0.5189184546470642,-0.06359118968248367,0.10132747143507004,0.8464116454124451,-0.0025605401024222374,-0.23981896042823792,1.0996556282043457
1746620295792444700,1.981444580078125,-0.5188694000244141,-0.06368756294250488,0.10093430429697037,0.846481442451477,-0.003167462069541216,-0.23924487829208374,1.0994256734848022
1746620295809253000,1.998253173828125,-0.5189183950424194,-0.0638849213719368,0.10045181214809418,0.8464938402175903,-0.004017652943730354,-0.2386239469051361,1.099395751953125
1746620295826061300,2.015061279296875,-0.519064724445343,-0.06394065916538239,0.09987480938434601,0.8464682102203369,-0.004696559626609087,-0.23769225180149078,1.0995948314666748
1746620295842852000,2.03185205078125,-0.5192201137542725,-0.06381804496049881,0.09915527701377869,0.8464667797088623,-0.005217936355620623,-0.23632825911045074,1.0998045206069946
1746620295859664100,2.0486640625,-0.5192303657531738,-0.0635121688246727,0.09843609482049942,0.8465674519538879,-0.005462528206408024,-0.23477120697498322,1.0996915102005005
1746620295876472600,2.06547265625,-0.5190726518630981,-0.0630485862493515,0.09795795381069183,0.846754252910614,-0.005220369435846806,-0.23346121609210968,1.0992560386657715
1746620295893280500,2.082280517578125,-0.5188089609146118,-0.06252548098564148,0.09789726138114929,0.8469616770744324,-0.004453579895198345,-0.2328052818775177,1.0986765623092651
1746620295910086100,2.099086181640625,-0.5186577439308167,-0.062349315732717514,0.09805576503276825,0.8470488786697388,-0.004019605461508036,-0.23289154469966888,1.098375678062439
1746620295926900700,2.115900634765625,-0.5186735987663269,-0.06266991049051285,0.09819000214338303,0.8469998836517334,-0.004425767343491316,-0.2334592342376709,1.0984055995941162
1746620295943705900,2.132705810546875,-0.5187091827392578,-0.06312581151723862,0.09824872016906738,0.8469375371932983,-0.005142425652593374,-0.23403966426849365,1.0984467267990112
1746620295960514600,2.1495146484375,-0.5187026262283325,-0.06327463686466217,0.09825644642114639,0.8469294905662537,-0.0053938524797558784,-0.234209343791008,1.0984139442443848
1746620295977323000,2.166322998046875,-0.5185830593109131,-0.06288640946149826,0.09826546162366867,0.8470305800437927,-0.00474494369700551,-0.233815997838974,1.0981794595718384
1746620295994118400,2.183118408203125,-0.5182948708534241,-0.062125932425260544,0.09826486557722092,0.8472632169723511,-0.0035085100680589676,-0.23301441967487335,1.097586750984192
1746620296010939600,2.199939697265625,-0.5179036259651184,-0.06142980977892876,0.09815680235624313,0.8475656509399414,-0.0025278537068516016,-0.23209628462791443,1.0967129468917847
1746620296027748000,2.216748046875,-0.517435610294342,-0.060940202325582504,0.09811946004629135,0.847891092300415,-0.0018496571574360132,-0.23151718080043793,1.0956467390060425
1746620296044543500,2.23354345703125,-0.5169677734375,-0.06057164818048477,0.09831385314464569,0.8481802940368652,-0.0011313449358567595,-0.2314642071723938,1.0946227312088013
1746620296061364700,2.25036474609375,-0.5166141390800476,-0.06027282029390335,0.09867412596940994,0.8483752012252808,-0.0003236879128962755,-0.23177041113376617,1.0939043760299683
1746620296078186200,2.267186279296875,-0.5164420008659363,-0.06003911793231964,0.09903308004140854,0.8484547734260559,0.00041999761015176773,-0.2321430742740631,1.093611717224121
1746620296094983000,2.28398291015625,-0.5164276957511902,-0.059727586805820465,0.09943274408578873,0.8484387397766113,0.001386557356454432,-0.23250427842140198,1.0937168598175049
1746620296111809000,2.30080908203125,-0.5164412260055542,-0.0592009462416172,0.09996096044778824,0.8484053611755371,0.0028726591262966394,-0.2328612059354782,1.0939491987228394
1746620296128612400,2.3176123046875,-0.5164259672164917,-0.058700840920209885,0.10059816390275955,0.8483740091323853,0.004422431346029043,-0.23343324661254883,1.0941381454467773
1746620296145387000,2.334386962890625,-0.5163211226463318,-0.058507759124040604,0.10130143165588379,0.84836745262146,0.005486088804900646,-0.23444095253944397,1.0940921306610107
1746620296162229500,2.3512294921875,-0.5161136984825134,-0.05864158272743225,0.10209235548973083,0.8483896851539612,0.006048306357115507,-0.23594269156455994,1.093782901763916
1746620296179037200,2.368037109375,-0.5159446597099304,-0.05918004736304283,0.10267117619514465,0.8483851552009583,0.005690102465450764,-0.23750320076942444,1.0934587717056274
1746620296195837700,2.384837646484375,-0.5159325003623962,-0.05982295423746109,0.10288219898939133,0.8483220338821411,0.0047981650568544865,-0.2385394424200058,1.0934001207351685
1746620296212662500,2.40166259765625,-0.5159848928451538,-0.060045450925827026,0.10292646288871765,0.8482689261436462,0.0044746603816747665,-0.2388482540845871,1.0935076475143433
1746620296229462800,2.418462890625,-0.5161479711532593,-0.05985701456665993,0.10279962420463562,0.8481985330581665,0.004711679182946682,-0.23843184113502502,1.093889594078064
1746620296246270700,2.435270751953125,-0.5165221691131592,-0.059657707810401917,0.10231154412031174,0.8480437994003296,0.0046377405524253845,-0.23738153278827667,1.0946842432022095
1746620296263079400,2.452079345703125,-0.5170340538024902,-0.059525128453969955,0.1015959233045578,0.847827136516571,0.004240637179464102,-0.23600949347019196,1.0957412719726562
1746620296279865300,2.468865234375,-0.5175334215164185,-0.05937308445572853,0.10094258934259415,0.8476110696792603,0.003939812537282705,-0.23472468554973602,1.0967880487442017
1746620296296697900,2.48569775390625,-0.5179786086082458,-0.05924004316329956,0.10050355643033981,0.8474007248878479,0.0038212728686630726,-0.23382870852947235,1.097758412361145
1746620296313508600,2.502508544921875,-0.5183883905410767,-0.05911070108413696,0.10032066702842712,0.8471806645393372,0.003962685354053974,-0.23337675631046295,1.0987091064453125
1746620296330282500,2.519282470703125,-0.5187739729881287,-0.05887213721871376,0.10037841647863388,0.8469544649124146,0.004546483978629112,-0.233223095536232,1.099677324295044
1746620296347107300,2.536107421875,-0.5191595554351807,-0.05856064334511757,0.10064185410737991,0.8467084765434265,0.005479303654283285,-0.23334510624408722,1.100707769393921
1746620296363894800,2.552894775390625,-0.519511878490448,-0.05838809907436371,0.10097837448120117,0.8464641571044922,0.0062418305315077305,-0.23373828828334808,1.1016603708267212
1746620296380724000,2.569723876953125,-0.519810140132904,-0.05837598815560341,0.10124275833368301,0.8462503552436829,0.006633730139583349,-0.23417678475379944,1.1024450063705444
1746620296397532400,2.586532470703125,-0.5200589299201965,-0.05836780369281769,0.10137714445590973,0.8460819721221924,0.006864038296043873,-0.23439662158489227,1.1030774116516113
1746620296414327800,2.603327880859375,-0.5203001499176025,-0.058287497609853745,0.10135222226381302,0.8459421992301941,0.007043912541121244,-0.23426716029644012,1.1036593914031982
1746620296431149300,2.6201494140625,-0.5205129981040955,-0.05810490995645523,0.10120700299739838,0.8458410501480103,0.007261761464178562,-0.23382365703582764,1.1041549444198608
1746620296447957800,2.636957763671875,-0.5207469463348389,-0.057996273040771484,0.10077712684869766,0.8457559943199158,0.007047826889902353,-0.23297019302845,1.104617953300476
1746620296464766200,2.65376611328125,-0.5210803151130676,-0.05795954912900925,0.10004165768623352,0.8456404805183411,0.006404743064194918,-0.23166844248771667,1.1052320003509521
1746620296481574400,2.670574462890625,-0.5214830636978149,-0.05784265324473381,0.09914512932300568,0.8455057144165039,0.005743720103055239,-0.2300061136484146,1.105982780456543
1746620296498382800,2.6873828125,-0.5218497514724731,-0.0576164573431015,0.09816385805606842,0.8454095125198364,0.00516844354569912,-0.2280840277671814,1.106641411781311
1746620296515204900,2.704204833984375,-0.5221448540687561,-0.05731556564569473,0.09725635498762131,0.8453525304794312,0.004781937692314386,-0.22621017694473267,1.1071581840515137
1746620296532015400,2.721015380859375,-0.5223841071128845,-0.05691876262426376,0.09665714204311371,0.8453003168106079,0.004880189895629883,-0.22476321458816528,1.107630729675293
1746620296548821800,2.73782177734375,-0.5226065516471863,-0.056550003588199615,0.09637407958507538,0.8452198505401611,0.0052685970440506935,-0.223887100815773,1.1081382036209106
1746620296565628700,2.754628662109375,-0.5227394104003906,-0.05612562969326973,0.09634861350059509,0.8451688289642334,0.006008504889905453,-0.2233932763338089,1.1085011959075928
1746620296582423000,2.771423095703125,-0.5227422714233398,-0.05576871708035469,0.09642587602138519,0.8451820015907288,0.006708718836307526,-0.22314748167991638,1.1085699796676636
1746620296599233500,2.788233642578125,-0.5227165818214417,-0.055444762110710144,0.09664493054151535,0.8451940417289734,0.007498701568692923,-0.22317934036254883,1.1086018085479736
1746620296616039400,2.805039306640625,-0.5227643847465515,-0.05519815534353256,0.09700965136289597,0.8451388478279114,0.008333616890013218,-0.22354163229465485,1.1088370084762573
1746620296632849000,2.821848876953125,-0.5228332877159119,-0.05508165806531906,0.09743943065404892,0.8450544476509094,0.009020955301821232,-0.22415265440940857,1.1091244220733643
1746620296649662000,2.838661865234375,-0.5228238105773926,-0.05502365529537201,0.09784391522407532,0.8450173139572144,0.009558996185660362,-0.22478312253952026,1.1092110872268677
1746620296666466800,2.855466796875,-0.5228719711303711,-0.05494653433561325,0.09805259853601456,0.8449683785438538,0.009932381100952625,-0.22505779564380646,1.1093889474868774
1746620296683294000,2.8722939453125,-0.5230472087860107,-0.05469513684511185,0.09800240397453308,0.8448819518089294,0.010358489118516445,-0.2247033715248108,1.1098265647888184
1746620296700077000,2.8890771484375,-0.5233281850814819,-0.05419185385107994,0.0976903885602951,0.8447766304016113,0.01096141804009676,-0.22363273799419403,1.1104811429977417
1746620296716905200,2.9059052734375,-0.5236508846282959,-0.05356377363204956,0.09724093228578568,0.8446685075759888,0.011639740318059921,-0.22219392657279968,1.111215353012085
1746620296733718300,2.92271826171875,-0.5239282846450806,-0.05291765183210373,0.09682489186525345,0.8445850014686584,0.012372351251542568,-0.22079338133335114,1.1118513345718384
1746620296750523100,2.939523193359375,-0.5241721868515015,-0.052364472299814224,0.09653203934431076,0.8445016145706177,0.013069584034383297,-0.21970213949680328,1.1124268770217896
1746620296767330800,2.956330810546875,-0.5245002508163452,-0.05203966796398163,0.09620537608861923,0.8443554043769836,0.01335838995873928,-0.21879416704177856,1.113168716430664
1746620296784123100,2.973123046875,-0.5249067544937134,-0.05177309736609459,0.0957571268081665,0.8441700339317322,0.013434127904474735,-0.21773913502693176,1.1140612363815308
1746620296800969000,2.989968994140625,-0.525336503982544,-0.05122438073158264,0.09534112364053726,0.8439832925796509,0.014035215601325035,-0.21643862128257751,1.1150504350662231
1746620296817739000,3.006739013671875,-0.5257745385169983,-0.050422780215740204,0.0950893983244896,0.8437870740890503,0.015251191332936287,-0.2151484340429306,1.1161291599273682
1746620296834551000,3.023551025390625,-0.5261355042457581,-0.04955843463540077,0.09508915990591049,0.8436133861541748,0.016828691586852074,-0.2142205685377121,1.1170928478240967
1746620296851359700,3.04035986328125,-0.5264437794685364,-0.048886194825172424,0.09533776342868805,0.8434321880340576,0.018334481865167618,-0.21392139792442322,1.1179709434509277
1746620296868165400,3.057165283203125,-0.5268402099609375,-0.04851200431585312,0.09560438245534897,0.8431759476661682,0.019371073693037033,-0.2139677107334137,1.1190320253372192
1746620296884979200,3.073979248046875,-0.5272907018661499,-0.04817115142941475,0.0957229882478714,0.8429003953933716,0.020202012732625008,-0.2137952744960785,1.1201817989349365
1746620296901776400,3.0907763671875,-0.5277538299560547,-0.047669053077697754,0.09560105949640274,0.8426530361175537,0.02104806900024414,-0.21303994953632355,1.1213183403015137
1746620296918593300,3.10759326171875,-0.5281625390052795,-0.04686553776264191,0.09542018175125122,0.842462420463562,0.022330932319164276,-0.2118624597787857,1.1223423480987549
1746620296935401700,3.124401611328125,-0.5285739898681641,-0.045991357415914536,0.0952078104019165,0.8422765135765076,0.023699436336755753,-0.2105545848608017,1.1233718395233154
1746620296952210200,3.141210205078125,-0.5289962887763977,-0.04523312672972679,0.09509165585041046,0.842065691947937,0.02497655712068081,-0.20953302085399628,1.1244388818740845
1746620296969016000,3.15801611328125,-0.5295019745826721,-0.044548388570547104,0.09503446519374847,0.8417907357215881,0.02621268294751644,-0.20868661999702454,1.1257129907608032
1746620296985829400,3.174829345703125,-0.5300170183181763,-0.043936192989349365,0.09488103538751602,0.8415160775184631,0.02721969224512577,-0.20775295794010162,1.126976490020752
1746620297002635000,3.191635009765625,-0.5305811166763306,-0.043519504368305206,0.09457080811262131,0.8412171006202698,0.027730369940400124,-0.20676042139530182,1.128296136856079
1746620297019443700,3.208443603515625,-0.5311858654022217,-0.04319373145699501,0.09417621046304703,0.8408963680267334,0.028001252561807632,-0.20572063326835632,1.129681944847107
1746620297036252200,3.225252197265625,-0.5317267775535583,-0.04270494356751442,0.09384726732969284,0.8406162858009338,0.028605852276086807,-0.2046186774969101,1.1309489011764526
1746620297053060600,3.242060546875,-0.5321636199951172,-0.04200079292058945,0.09365984052419662,0.8403962254524231,0.02970755845308304,-0.203527569770813,1.1320244073867798
1746620297069852000,3.258851806640625,-0.5325034856796265,-0.04125199094414711,0.09362445771694183,0.8402219414710999,0.03102886863052845,-0.20264847576618195,1.1329103708267212
1746620297086665000,3.2756650390625,-0.5328390598297119,-0.04070115089416504,0.09369996935129166,0.8400275707244873,0.03213370963931084,-0.20216983556747437,1.1337939500808716
1746620297103488500,3.292488525390625,-0.5330987572669983,-0.040382448583841324,0.09392978250980377,0.839852511882782,0.032995209097862244,-0.2022051066160202,1.1345114707946777
1746620297120294000,3.3092939453125,-0.5332062840461731,-0.040230363607406616,0.09428299963474274,0.8397520184516907,0.03367270529270172,-0.20263473689556122,1.134878396987915
1746620297137102000,3.32610205078125,-0.5332865118980408,-0.04023844376206398,0.09453049302101135,0.839672863483429,0.03395340219140053,-0.20305921137332916,1.1351356506347656
1746620297153894400,3.342894287109375,-0.533407986164093,-0.04016674682497978,0.09466157853603363,0.8395842909812927,0.034250978380441666,-0.20319871604442596,1.135469913482666
1746620297170704600,3.35970458984375,-0.5335665345191956,-0.03997567296028137,0.09463340789079666,0.839495837688446,0.034584078937768936,-0.20293815433979034,1.1358637809753418
1746620297187544600,3.376544677734375,-0.5338017344474792,-0.0396965853869915,0.09447211772203445,0.8393777012825012,0.03493773564696312,-0.20235393941402435,1.1364160776138306
1746620297204333300,3.393333251953125,-0.5341017842292786,-0.03932376950979233,0.09421782195568085,0.8392329812049866,0.03536297008395195,-0.20150814950466156,1.137109398841858
1746620297221141200,3.410141357421875,-0.5344140529632568,-0.03896107152104378,0.0938069075345993,0.8390971422195435,0.035599078983068466,-0.2004077136516571,1.1377896070480347
1746620297237949200,3.42694921875,-0.5347099900245667,-0.03875463083386421,0.09315910935401917,0.838990330696106,0.0353010855615139,-0.19907650351524353,1.1383531093597412
1746620297254761500,3.443761474609375,-0.5350169539451599,-0.03866289556026459,0.09233401715755463,0.838890016078949,0.03461281582713127,-0.1975695788860321,1.138886570930481
1746620297271576000,3.460576171875,-0.5353328585624695,-0.03836052492260933,0.09157487750053406,0.8387856483459473,0.034357666969299316,-0.19594617187976837,1.1394814252853394
1746620297288378400,3.47737841796875,-0.5355678796768188,-0.037696320563554764,0.09111138433218002,0.8387161493301392,0.035026658326387405,-0.1944338083267212,1.139993667602539
1746620297305186600,3.4941865234375,-0.5356599688529968,-0.03700926527380943,0.09087487310171127,0.838713526725769,0.03595282509922981,-0.1932859867811203,1.1402219533920288
1746620297321994800,3.510994873046875,-0.5356550216674805,-0.03668168559670448,0.09067736566066742,0.8387525677680969,0.03628864139318466,-0.19259770214557648,1.1401913166046143
1746620297338800400,3.52780029296875,-0.5356388688087463,-0.03650003671646118,0.09045714884996414,0.8387946486473083,0.03634864464402199,-0.19202964007854462,1.1401139497756958
1746620297355612000,3.54461181640625,-0.535616397857666,-0.03635517507791519,0.09019553661346436,0.8388432860374451,0.0362987294793129,-0.19143176078796387,1.1400073766708374
1746620297372420000,3.561420166015625,-0.5356683135032654,-0.03615165501832962,0.08996923267841339,0.8388432264328003,0.036404918879270554,-0.19082680344581604,1.1400943994522095
1746620297389228800,3.578228759765625,-0.5357862710952759,-0.03585570678114891,0.08981907367706299,0.8387967348098755,0.0367678701877594,-0.19024743139743805,1.1403684616088867
1746620297406037000,3.595037109375,-0.5358780026435852,-0.03558293730020523,0.08975034952163696,0.8387571573257446,0.037175826728343964,-0.18983180820941925,1.1405978202819824
1746620297422845200,3.61184521484375,-0.5359137654304504,-0.03545859828591347,0.08981095254421234,0.8387330174446106,0.03746259957551956,-0.1897977888584137,1.1407110691070557
1746620297439660800,3.628660888671875,-0.5358723402023315,-0.035523757338523865,0.08999233692884445,0.8387373089790344,0.03754415735602379,-0.19017654657363892,1.1406513452529907
1746620297456462000,3.645462158203125,-0.5358337163925171,-0.035714369267225266,0.09024177491664886,0.8387271761894226,0.03748892620205879,-0.1908060610294342,1.1406036615371704
1746620297473270500,3.6622705078125,-0.5358496904373169,-0.03587585687637329,0.09046397358179092,0.8386861085891724,0.03746546432375908,-0.19135557115077972,1.1406831741333008
1746620297490076400,3.679076416015625,-0.5359058380126953,-0.03591866418719292,0.09053115546703339,0.8386411070823669,0.03748046234250069,-0.19151288270950317,1.1408312320709229
1746620297506890000,3.695889892578125,-0.5360126495361328,-0.035805631428956985,0.09031561017036438,0.8386009335517883,0.03745726868510246,-0.1910216510295868,1.1410441398620605
1746620297523696400,3.7126962890625,-0.5361452698707581,-0.03554241731762886,0.0897945687174797,0.8385833501815796,0.03735501319169998,-0.18985068798065186,1.1412559747695923
1746620297540518000,3.729517822265625,-0.5362539291381836,-0.034960102289915085,0.08915337920188904,0.8386067748069763,0.0376552976667881,-0.18813204765319824,1.14141047000885
1746620297557297000,3.746296875,-0.5363434553146362,-0.03399892523884773,0.08861231803894043,0.8386463522911072,0.038705453276634216,-0.18617260456085205,1.1415799856185913
1746620297574118400,3.763118408203125,-0.5363746881484985,-0.03315701335668564,0.08816761523485184,0.8387069702148438,0.03964686393737793,-0.1845078468322754,1.1416218280792236
1746620297590943700,3.77994384765625,-0.5362985730171204,-0.032795246690511703,0.08789803832769394,0.8387980461120605,0.03994427248835564,-0.18366432189941406,1.1414048671722412
1746620297607760100,3.796760009765625,-0.5362614393234253,-0.03286486119031906,0.0879053920507431,0.8388184309005737,0.03982607275247574,-0.18375399708747864,1.1413110494613647
1746620297624544000,3.8135439453125,-0.536344051361084,-0.032983437180519104,0.08814117312431335,0.8387362360954285,0.03990522027015686,-0.1842765063047409,1.1415576934814453
1746620297641384200,3.83038427734375,-0.5364152193069458,-0.03297485411167145,0.08833044767379761,0.838671088218689,0.04014604538679123,-0.18458318710327148,1.1417770385742188
1746620297658179600,3.8471796875,-0.5364153385162354,-0.03284822776913643,0.08817360550165176,0.8386925458908081,0.040186550468206406,-0.18418122828006744,1.1417497396469116
1746620297675007200,3.86400732421875,-0.536348283290863,-0.03259211406111717,0.08785207569599152,0.8387791514396667,0.04024886712431908,-0.18336422741413116,1.1415317058563232
1746620297691790000,3.8807900390625,-0.5363069176673889,-0.03233352676033974,0.08760378509759903,0.838841438293457,0.040402624756097794,-0.18266691267490387,1.1413938999176025
1746620297708606000,3.89760595703125,-0.5364090800285339,-0.032309405505657196,0.08735417574644089,0.8388031721115112,0.04018865153193474,-0.1822146773338318,1.1415796279907227
1746620297725393400,3.914393310546875,-0.5366078019142151,-0.0323568694293499,0.08710409700870514,0.8387001752853394,0.039873819798231125,-0.18183472752571106,1.1419909000396729
1746620297742205200,3.931205078125,-0.5368472933769226,-0.032320551574230194,0.08674819022417068,0.8385853171348572,0.03959224000573158,-0.1811835914850235,1.1424819231033325
1746620297759013400,3.948013427734375,-0.5369962453842163,-0.032080236822366714,0.08639717102050781,0.8385353088378906,0.03964207321405411,-0.1803237497806549,1.142775297164917
1746620297775822000,3.964822021484375,-0.5370213389396667,-0.03173476830124855,0.08618566393852234,0.8385540843009949,0.03999823331832886,-0.17959101498126984,1.1428146362304688
1746620297792627000,3.981626953125,-0.5369603633880615,-0.031489986926317215,0.08622968196868896,0.8385978937149048,0.040449004620313644,-0.17940261960029602,1.1427010297775269
1746620297809442000,3.998442138671875,-0.5369451642036438,-0.03157351166009903,0.08647236973047256,0.838579535484314,0.040573809295892715,-0.17990326881408691,1.142716646194458
1746620297826247700,4.01524755859375,-0.5370292663574219,-0.031867001205682755,0.08678825199604034,0.8384819626808167,0.04044559225440025,-0.18075039982795715,1.142970323562622
1746620297843052300,4.03205224609375,-0.5371313691139221,-0.032030172646045685,0.08706533908843994,0.8383815884590149,0.040499359369277954,-0.18138983845710754,1.143269658088684
1746620297859867000,4.048866943359375,-0.5371665358543396,-0.03194700554013252,0.08716606348752975,0.838351845741272,0.040760111063718796,-0.18146772682666779,1.1433868408203125
1746620297876661000,4.065660888671875,-0.5371309518814087,-0.03174562379717827,0.08694867789745331,0.838404655456543,0.04085196927189827,-0.1808842569589615,1.1432654857635498
1746620297893480700,4.082480712890625,-0.5370950698852539,-0.03155062720179558,0.08639419823884964,0.8384924530982971,0.040558189153671265,-0.1797393560409546,1.1430598497390747
1746620297910286300,4.099286376953125,-0.5370859503746033,-0.03128783404827118,0.08576250821352005,0.8385729789733887,0.0402996763586998,-0.17838938534259796,1.1429064273834229
1746620297927101200,4.11610107421875,-0.5370810031890869,-0.030814405530691147,0.08541978150606155,0.8386286497116089,0.04072041064500809,-0.17729803919792175,1.1428529024124146
1746620297943894500,4.13289453125,-0.5370310544967651,-0.03029317781329155,0.08546800911426544,0.8386747241020203,0.04164688289165497,-0.17681637406349182,1.1427909135818481
1746620297960714500,4.149714599609375,-0.5369502305984497,-0.030090149492025375,0.0856717899441719,0.8387129902839661,0.04220020771026611,-0.17694377899169922,1.1426645517349243
1746620297977526300,4.1665263671875,-0.5368553400039673,-0.03028559871017933,0.08583761751651764,0.8387496471405029,0.04203284904360771,-0.17744016647338867,1.1424598693847656
1746620297994316800,4.18331689453125,-0.5367584228515625,-0.030583037063479424,0.08595246821641922,0.8387892842292786,0.04163537546992302,-0.1779612898826599,1.1422287225723267
1746620298011140000,4.20014013671875,-0.5366067886352539,-0.030614081770181656,0.08610908687114716,0.838869035243988,0.04172416776418686,-0.17826662957668304,1.1419001817703247
1746620298027961600,4.216961669921875,-0.5364487767219543,-0.030323848128318787,0.0862983912229538,0.8389610648155212,0.04239268600940704,-0.17827925086021423,1.141593098640442
1746620298044774700,4.233774658203125,-0.5363280177116394,-0.03004235029220581,0.08647042512893677,0.8390306830406189,0.04303521290421486,-0.17827053368091583,1.1413707733154297
1746620298061578800,4.250578857421875,-0.5361509323120117,-0.030028503388166428,0.08666388690471649,0.8391244411468506,0.04323546215891838,-0.1785910278558731,1.1409945487976074
1746620298078371300,4.267371337890625,-0.5360154509544373,-0.030407216399908066,0.0867256224155426,0.8391909599304199,0.04263235256075859,-0.17911235988140106,1.1406505107879639
1746620298095196000,4.28419580078125,-0.5360354781150818,-0.030898883938789368,0.08662781864404678,0.8391703367233276,0.04169393330812454,-0.17947880923748016,1.1406301259994507
1746620298112004600,4.301004638671875,-0.5361395478248596,-0.031067099422216415,0.0863923504948616,0.83912193775177,0.04116968438029289,-0.1792585402727127,1.1408069133758545
1746620298128812800,4.317812744140625,-0.5362347364425659,-0.030741555616259575,0.08601058274507523,0.8391122221946716,0.04131879284977913,-0.17825698852539062,1.1409709453582764
1746620298145621200,4.334621337890625,-0.5363813638687134,-0.03018971160054207,0.08535175770521164,0.8391059637069702,0.04155510291457176,-0.1765403300523758,1.1412111520767212
1746620298162433000,4.35143310546875,-0.5365634560585022,-0.029692577198147774,0.08453928679227829,0.8390895128250122,0.04153534024953842,-0.1746220737695694,1.1414951086044312
1746620298179217200,4.368217041015625,-0.5367767214775085,-0.029438620433211327,0.08367292582988739,0.8390489816665649,0.04104970023036003,-0.17287509143352509,1.1418211460113525
1746620298196046800,4.385046875,-0.5369807481765747,-0.029436230659484863,0.08292386680841446,0.8389927744865417,0.04026557877659798,-0.171599343419075,1.142133116722107
1746620298212851000,4.401850830078125,-0.53716641664505,-0.02963637188076973,0.08220715820789337,0.8389374017715454,0.039170220494270325,-0.17059895396232605,1.1423929929733276
1746620298229667300,4.418667236328125,-0.5373058915138245,-0.029728006571531296,0.08152368664741516,0.8389114737510681,0.03828611969947815,-0.1695394068956375,1.1425607204437256
1746620298246472000,4.435471923828125,-0.5373265147209167,-0.029436754062771797,0.08103573322296143,0.838955819606781,0.03824319690465927,-0.1683999001979828,1.1425219774246216
1746620298263281700,4.45228173828125,-0.5371845364570618,-0.028913594782352448,0.08077424764633179,0.8390902280807495,0.038811247795820236,-0.1673983484506607,1.142164945602417
1746620298280066300,4.46906640625,-0.5368931889533997,-0.028638260439038277,0.08062972873449326,0.8392999768257141,0.039059270173311234,-0.16686978936195374,1.1414557695388794
1746620298296880000,4.485880126953125,-0.5365135669708252,-0.02872786857187748,0.08066297322511673,0.8395364284515381,0.038868021219968796,-0.16704051196575165,1.14054536819458
1746620298313691400,4.50269140625,-0.536153256893158,-0.028982728719711304,0.08090920001268387,0.8397341966629028,0.03863568231463432,-0.16774843633174896,1.1397165060043335
1746620298330500000,4.5195,-0.535775363445282,-0.029110977426171303,0.08139590173959732,0.8399237990379333,0.03887959569692612,-0.16872602701187134,1.1389118432998657
1746620298347311400,4.536311279296875,-0.5353341102600098,-0.029050691053271294,0.08212010562419891,0.8401367664337158,0.039692074060440063,-0.1699041724205017,1.138027310371399
1746620298364103400,4.553103515625,-0.5348477959632874,-0.028987377882003784,0.08296649903059006,0.8403655290603638,0.04063457250595093,-0.1712883859872818,1.1370657682418823
1746620298380925000,4.569925048828125,-0.5343055725097656,-0.029089713469147682,0.0837382897734642,0.840630292892456,0.04120085760951042,-0.17272910475730896,1.1359403133392334
1746620298397725400,4.586725341796875,-0.533868134021759,-0.029392214491963387,0.08422955870628357,0.8408486843109131,0.04113808646798134,-0.17390702664852142,1.134982943534851
1746620298414529000,4.603529052734375,-0.5335894823074341,-0.02974427491426468,0.08430410921573639,0.8410055637359619,0.04056382551789284,-0.17442603409290314,1.134302020072937
1746620298431350500,4.6203505859375,-0.5333315134048462,-0.02968473732471466,0.08418446034193039,0.8411832451820374,0.04047916829586029,-0.17417199909687042,1.133660912513733
1746620298448158500,4.637158447265625,-0.533000648021698,-0.02908231131732464,0.08396141976118088,0.8414363265037537,0.04118861258029938,-0.17316223680973053,1.132868766784668
1746620298464967200,4.65396728515625,-0.532536506652832,-0.02825375646352768,0.08362001180648804,0.8417923450469971,0.0421256460249424,-0.1717163324356079,1.1317497491836548
1746620298481775900,4.67077587890625,-0.5319226980209351,-0.027536291629076004,0.0832224115729332,0.842243492603302,0.042783040553331375,-0.17030346393585205,1.130250096321106
1746620298498583800,4.687583740234375,-0.5311501622200012,-0.026982121169567108,0.082957424223423,0.8427749872207642,0.0432780422270298,-0.16929960250854492,1.1283893585205078
1746620298515396000,4.70439599609375,-0.5302769541740417,-0.026628194376826286,0.08295588195323944,0.8433361053466797,0.04370219260454178,-0.16896280646324158,1.126334309577942
1746620298532215000,4.721215087890625,-0.5293779373168945,-0.026595862582325935,0.08326490223407745,0.8438712954521179,0.043913450092077255,-0.16949869692325592,1.124264121055603
1746620298549022700,4.738022705078125,-0.5286914110183716,-0.027015699073672295,0.08359093219041824,0.8442559242248535,0.04341449961066246,-0.170535609126091,1.1226662397384644
1746620298565831400,4.75483154296875,-0.5282849073410034,-0.02757061831653118,0.08369812369346619,0.8444818258285522,0.0425020232796669,-0.17133034765720367,1.1216727495193481
1746620298582635800,4.7716357421875,-0.5279465317726135,-0.027671920135617256,0.08371184766292572,0.8446887731552124,0.04227486625313759,-0.17147865891456604,1.120859980583191
1746620298599473400,4.788473388671875,-0.5275557041168213,-0.02726362645626068,0.08364352583885193,0.8449530005455017,0.042817261070013046,-0.17094723880290985,1.1199487447738647
1746620298616263200,4.80526318359375,-0.5270950198173523,-0.02659005858004093,0.08361640572547913,0.8452645540237427,0.04384371265769005,-0.17020758986473083,1.1189044713974
1746620298633065200,4.822065185546875,-0.5266058444976807,-0.026215793564915657,0.08359158784151077,0.8455836176872253,0.044356536120176315,-0.1697928011417389,1.1177667379379272
1746620298649870800,4.838870849609375,-0.5262113809585571,-0.026335472241044044,0.08363471925258636,0.8458210229873657,0.044119082391262054,-0.1700139194726944,1.1168268918991089
1746620298666684700,4.8556845703125,-0.525982141494751,-0.026722799986600876,0.0838049054145813,0.8459347486495972,0.04359569773077965,-0.17072655260562897,1.1162868738174438
1746620298683490600,4.872490478515625,-0.5258523225784302,-0.02699919603765011,0.0840713232755661,0.845980167388916,0.04338637366890907,-0.17147968709468842,1.1160156726837158
1746620298700294100,4.889294189453125,-0.5256770253181458,-0.026993833482265472,0.08428628742694855,0.8460677862167358,0.04359322413802147,-0.17184849083423615,1.115649700164795
1746620298717111600,4.906111572265625,-0.5253876447677612,-0.026888588443398476,0.08426237851381302,0.8462534546852112,0.04368787258863449,-0.17171110212802887,1.1149648427963257
1746620298733912000,4.922912109375,-0.5249823331832886,-0.026846423745155334,0.08404252678155899,0.8465280532836914,0.04343850538134575,-0.17131324112415314,1.1139522790908813
1746620298750723800,4.939723876953125,-0.5245711803436279,-0.02702268771827221,0.08372320979833603,0.8468089699745178,0.042706966400146484,-0.1709776073694229,1.112883448600769
1746620298767515100,4.95651513671875,-0.5242760181427002,-0.02738371305167675,0.08337380737066269,0.8470144867897034,0.04165074601769447,-0.17077983915805817,1.112067461013794
1746620298784314400,4.973314453125,-0.5241178870201111,-0.027731431648135185,0.08308561891317368,0.8471294045448303,0.04071163386106491,-0.17066489160060883,1.11159348487854
1746620298801132300,4.99013232421875,-0.5239925384521484,-0.027918720617890358,0.08297017216682434,0.8472120761871338,0.04024071618914604,-0.1706724464893341,1.1112518310546875
1746620298817946600,5.006946533203125,-0.5238761305809021,-0.02807530015707016,0.08296967297792435,0.8472790122032166,0.0399484820663929,-0.1708427518606186,1.1109609603881836
1746620298834752500,5.02375244140625,-0.5238553881645203,-0.028454100713133812,0.08289262652397156,0.8472867012023926,0.039212506264448166,-0.17111310362815857,1.1108596324920654
1746620298851560400,5.040560546875,-0.5239821076393127,-0.02900134213268757,0.08258529752492905,0.8472197651863098,0.037969235330820084,-0.1711626797914505,1.1110409498214722
1746620298868368400,5.057368408203125,-0.524269163608551,-0.0292875524610281,0.08202531933784485,0.8470867872238159,0.03693228214979172,-0.17049911618232727,1.1115702390670776
1746620298885177900,5.074177734375,-0.524665892124176,-0.029111891984939575,0.08124519884586334,0.8469223380088806,0.0364694818854332,-0.16896764934062958,1.1123535633087158
1746620298901983200,5.090983154296875,-0.5250347852706909,-0.028652332723140717,0.08039972186088562,0.8467901349067688,0.0364149771630764,-0.1670258343219757,1.1130826473236084
1746620298918793700,5.107793701171875,-0.5253236889839172,-0.028309648856520653,0.07959610223770142,0.8466983437538147,0.036188945174217224,-0.16528275609016418,1.113621711730957
1746620298935606000,5.12460595703125,-0.5255777835845947,-0.02826647087931633,0.07899921387434006,0.8465980291366577,0.035667046904563904,-0.16421060264110565,1.1140987873077393
1746620298952411100,5.1414111328125,-0.5258724689483643,-0.0285122562199831,0.07866374403238297,0.8464380502700806,0.03494169935584068,-0.16388826072216034,1.1147053241729736
1746620298969216300,5.15821630859375,-0.5262393951416016,-0.028847401961684227,0.07863261550664902,0.8462015390396118,0.034407082945108414,-0.16417589783668518,1.1155424118041992
1746620298986031400,5.17503125,-0.5266565680503845,-0.028993850573897362,0.07886125892400742,0.8459156155586243,0.03448634222149849,-0.16470319032669067,1.1165721416473389
1746620299002836200,5.191836181640625,-0.5269978046417236,-0.028989501297473907,0.07894781231880188,0.8456951379776001,0.0346546396613121,-0.16483174264431,1.1174036264419556
1746620299019657500,5.208657470703125,-0.5272895097732544,-0.028977317735552788,0.07856762409210205,0.8455491662025452,0.03432032838463783,-0.16416077315807343,1.118016242980957
1746620299036467000,5.225467041015625,-0.5275569558143616,-0.028942925855517387,0.0778278186917305,0.845451831817627,0.033628735691308975,-0.1628563553094864,1.1184959411621094
1746620299053280000,5.242280029296875,-0.5277584195137024,-0.0287517998367548,0.0770612582564354,0.8454029560089111,0.0331624411046505,-0.16134272515773773,1.1188277006149292
1746620299070079200,5.259079345703125,-0.5279206037521362,-0.028554895892739296,0.07639233022928238,0.8453689217567444,0.032804083079099655,-0.15999050438404083,1.1190884113311768
1746620299086897000,5.27589697265625,-0.528016984462738,-0.028439674526453018,0.0759517252445221,0.8453524112701416,0.032541245222091675,-0.1591157764196396,1.1192348003387451
1746620299103693800,5.29269384765625,-0.5280354619026184,-0.02847054786980152,0.07566620409488678,0.8453653454780579,0.032182566821575165,-0.15866295993328094,1.1192163228988647
1746620299120512500,5.309512451171875,-0.5280278921127319,-0.028608854860067368,0.07531735301017761,0.8453965783119202,0.031567130237817764,-0.1582179069519043,1.1191142797470093
1746620299137329000,5.326328857421875,-0.5280637741088867,-0.028610950335860252,0.0748211219906807,0.8454182147979736,0.031032633036375046,-0.15737591683864594,1.1190969944000244
1746620299154102000,5.34310205078125,-0.5281739234924316,-0.02838115580379963,0.07422477006912231,0.8454096913337708,0.030799129977822304,-0.15611441433429718,1.119255542755127
1746620299170935000,5.35993505859375,-0.5282692313194275,-0.027909502387046814,0.0736873671412468,0.8454127907752991,0.03103901818394661,-0.15469621121883392,1.1194108724594116
1746620299187725800,5.376725830078125,-0.5282189846038818,-0.02733272686600685,0.07339119911193848,0.8454889059066772,0.031692493706941605,-0.15358127653598785,1.1192774772644043
1746620299204538400,5.393538330078125,-0.5281059741973877,-0.02702724002301693,0.07323423773050308,0.845582902431488,0.03202279657125473,-0.15299390256404877,1.1190011501312256
1746620299221353200,5.410353271484375,-0.5280413031578064,-0.027088617905974388,0.07292671501636505,0.8456478118896484,0.0315735787153244,-0.15253931283950806,1.1187803745269775
1746620299238168300,5.427168212890625,-0.5280294418334961,-0.02687961794435978,0.07245122641324997,0.8457028269767761,0.03141339495778084,-0.15150988101959229,1.118673324584961
1746620299254962700,5.443962646484375,-0.5279238820075989,-0.026366237550973892,0.0717955157160759,0.8458408117294312,0.0315607413649559,-0.14985410869121552,1.1183321475982666
1746620299271771400,5.460771484375,-0.527712881565094,-0.025506263598799706,0.07143349200487137,0.8460294604301453,0.03259832412004471,-0.14833299815654755,1.1178257465362549
1746620299288579300,5.477579345703125,-0.5273435115814209,-0.024649569764733315,0.07150338590145111,0.8462793231010437,0.034069597721099854,-0.1475561261177063,1.117027997970581
1746620299305366300,5.4943662109375,-0.5269110798835754,-0.02442122995853424,0.07191119343042374,0.8465206027030945,0.034823231399059296,-0.14802421629428864,1.1160997152328491
1746620299322196500,5.511196533203125,-0.5264515280723572,-0.02489623799920082,0.07246826589107513,0.8467451333999634,0.034532465040683746,-0.14949382841587067,1.1150829792022705
1746620299339005000,5.5280048828125,-0.5259765982627869,-0.02574783004820347,0.07291709631681442,0.8469763398170471,0.0334777906537056,-0.15117883682250977,1.113978624343872
1746620299355813400,5.5448134765625,-0.5255624055862427,-0.026551946997642517,0.07311593741178513,0.8471913933753967,0.03224398195743561,-0.15238486230373383,1.1129710674285889
1746620299372621800,5.561621826171875,-0.5252617597579956,-0.02702993154525757,0.07295338064432144,0.8473767042160034,0.031197840347886086,-0.1526254266500473,1.1121864318847656
1746620299389429800,5.5784296875,-0.524920642375946,-0.027052653953433037,0.07243727892637253,0.8476316332817078,0.03054210916161537,-0.15178337693214417,1.1112724542617798
1746620299406245400,5.595245361328125,-0.5245459079742432,-0.027014080435037613,0.07168367505073547,0.8479287624359131,0.02973100356757641,-0.1504727452993393,1.1102380752563477
1746620299423050000,5.612050048828125,-0.5243063569068909,-0.027539510279893875,0.07113095372915268,0.8481065630912781,0.028196651488542557,-0.15009447932243347,1.1095207929611206
1746620299439851800,5.628851806640625,-0.5241368412971497,-0.02900114841759205,0.0712299719452858,0.8481543660163879,0.02577284350991249,-0.1518116295337677,1.1090211868286133
